{"cameraMode":{"drawMode":0,"name":"Shaded","section":"Shading Mode"},"sceneLighting":true,"audioPlay":false,"sceneViewState":{"showFog":true,"showMaterialUpdate":false,"showSkybox":true,"showFlares":true,"showImageEffects":true,"showParticleSystems":true},"in2DMode":false,"pivot":{"x":4.741770267486572,"y":5.81528902053833,"z":8.204376220703125},"rotation":{"x":-0.31028157472610476,"y":0.3315684497356415,"z":-0.11647792905569077,"w":-0.883309543132782},"size":4.041658401489258,"orthographic":false}