{"cameraMode":{"drawMode":0,"name":"Shaded","section":"Shading Mode"},"sceneLighting":false,"audioPlay":false,"sceneViewState":{"showFog":true,"showMaterialUpdate":false,"showSkybox":false,"showFlares":true,"showImageEffects":true,"showParticleSystems":true},"in2DMode":false,"pivot":{"x":2.0,"y":0.030585214495658876,"z":-3.000758409500122},"rotation":{"x":-0.36711519956588747,"y":0.0632970854640007,"z":-0.02496904693543911,"w":-0.9277084469795227},"size":3.270145893096924,"orthographic":false}