{"cameraMode":{"drawMode":0,"name":"Shaded","section":"Shading Mode"},"sceneLighting":true,"audioPlay":false,"sceneViewState":{"showFog":true,"showMaterialUpdate":false,"showSkybox":true,"showFlares":true,"showImageEffects":true,"showParticleSystems":true},"in2DMode":false,"pivot":{"x":4.743459224700928,"y":5.81483793258667,"z":8.205291748046875},"rotation":{"x":-0.31028157472610476,"y":0.3315684497356415,"z":-0.11647792905569077,"w":-0.883309543132782},"size":25.797706604003908,"orthographic":true}