{"cameraMode":{"drawMode":0,"name":"Shaded","section":"Shading Mode"},"sceneLighting":true,"audioPlay":false,"sceneViewState":{"showFog":true,"showMaterialUpdate":false,"showSkybox":true,"showFlares":true,"showImageEffects":true,"showParticleSystems":true},"in2DMode":false,"pivot":{"x":8.46493148803711,"y":7.765415191650391,"z":123.33033752441406},"rotation":{"x":-0.4711604416370392,"y":-0.024608738720417024,"z":0.013144008815288544,"w":-0.8816149234771729},"size":295.1457824707031,"orthographic":false}