{"cameraMode":{"drawMode":0,"name":"Shaded","section":"Shading Mode"},"sceneLighting":true,"audioPlay":false,"sceneViewState":{"showFog":true,"showMaterialUpdate":false,"showSkybox":true,"showFlares":true,"showImageEffects":true,"showParticleSystems":true},"in2DMode":false,"pivot":{"x":9.294175148010254,"y":-74.296875,"z":135.9013214111328},"rotation":{"x":-0.4711604416370392,"y":-0.024608738720417024,"z":0.013144008815288544,"w":-0.8816149234771729},"size":317.4438781738281,"orthographic":false}