{"cameraMode":{"drawMode":0,"name":"Shaded","section":"Shading Mode"},"sceneLighting":true,"audioPlay":false,"sceneViewState":{"showFog":true,"showMaterialUpdate":false,"showSkybox":true,"showFlares":true,"showImageEffects":true,"showParticleSystems":true},"in2DMode":false,"pivot":{"x":-0.4966588020324707,"y":0.3585819900035858,"z":-0.09012340754270554},"rotation":{"x":-0.4765760600566864,"y":-0.012662427499890328,"z":0.006861349567770958,"w":-0.8790205121040344},"size":78.88079071044922,"orthographic":false}